ID,PDB ID,Name,Type,Description,Bio Relevance,Notoriety,Discovery Year,Fun Fact
1,1HHO,Hemoglobin,transport,"The oxygen-carrying protein in red blood cells that gives blood its red color",98,95,1959,"First protein structure solved by X-ray crystallography, earning Max Perutz the Nobel Prize"
2,4INS,Insulin,signaling,"Hormone that regulates blood sugar levels in the body",99,98,1969,"First protein to have its amino acid sequence determined by Frederick Sanger in 1951"
3,1GFL,Green Fluorescent Protein (GFP),regulatory,"Jellyfish protein that glows green under UV light, revolutionized cell biology",85,92,1996,"Won the 2008 Nobel Prize and is now used in millions of experiments worldwide"
4,1BNA,DNA Double Helix,nucleic-acid,"The iconic B-form DNA structure that stores genetic information",100,100,1953,"Watson and Crick built their model using X-ray data from Rosalind Franklin"
5,6VXX,SARS-CoV-2 Spike Protein,viral,"The protein that COVID-19 uses to enter human cells",95,99,2020,"Structure was solved in just 12 days after sequence release - a scientific record"
6,1TUP,p53 Tumor Suppressor,regulatory,"Guardian of the genome - prevents cancer by stopping damaged cells",99,88,1994,"Mutated in over 50% of all human cancers, making it the most studied protein in cancer research"
7,4OO8,CRISPR-Cas9,enzyme,"Revolutionary gene-editing tool derived from bacterial immune systems",95,96,2014,"Led to the 2020 Nobel Prize, fastest ever from discovery to Nobel"
8,1MBO,Myoglobin,transport,"Oxygen-storing protein in muscles that makes meat red",90,85,1958,"The very first protein structure ever solved at atomic resolution"
9,1CGD,Collagen,structural,"Most abundant protein in your body, forms skin, bones, and tendons",97,80,1954,"Makes up 30% of all protein in your body and is the main ingredient in gelatin"
10,2HHB,Deoxyhemoglobin,transport,"Hemoglobin without oxygen, showing how proteins change shape",95,75,1984,"Revealed allostery - how proteins cooperatively bind molecules"
11,1LYZ,Lysozyme,enzyme,"Antibacterial enzyme found in tears, saliva, and egg whites",85,78,1965,"Discovered by Alexander Fleming before penicillin, first enzyme structure solved"
12,1TRZ,Trypsin,enzyme,"Digestive enzyme that breaks down proteins in your intestine",88,72,1971,"One of the first enzymes discovered, in 1876 by Wilhelm Kühne"
13,5E2O,ATP Synthase,enzyme,"Molecular turbine that produces ATP, the energy currency of cells",100,82,1994,"Rotates at 9000 RPM, making it the world's smallest motor"
14,1DDJ,Alcohol Dehydrogenase,enzyme,"Enzyme that breaks down alcohol in your liver",85,70,1994,"Variations in this enzyme explain why some people can't tolerate alcohol"
15,1HEW,Hen Egg White Lysozyme,enzyme,"Classic model enzyme for studying protein folding",80,75,1965,"Has been crystallized more times than any other protein"
16,1STP,Streptavidin,enzyme,"Bacterial protein with the strongest non-covalent bond in nature",75,80,1989,"Biotin-streptavidin bond is used in countless lab techniques"
17,1RTP,Reverse Transcriptase,enzyme,"HIV enzyme that copies RNA to DNA, target of AIDS drugs",92,85,1992,"Challenged the 'central dogma' of molecular biology"
18,1A4Y,Cytochrome c,enzyme,"Electron carrier essential for cellular respiration",90,70,1991,"Nearly identical across all life forms - from yeast to humans"
19,3PFK,Phosphofructokinase,enzyme,"Key regulatory enzyme in glucose metabolism",88,65,1994,"Master switch controlling how fast cells burn sugar for energy"
20,1A2C,Acetylcholinesterase,enzyme,"Breaks down neurotransmitter acetylcholine in synapses",90,72,1991,"One of the fastest enzymes known - processes 25,000 molecules per second"
21,1IGT,Immunoglobulin G (IgG),immune,"The most common antibody in your blood",98,90,1977,"Y-shaped structure inspired the term 'magic bullet' in medicine"
22,1A6M,MHC Class I,immune,"Presents internal cell contents to immune cells",95,75,1987,"Why organ transplants get rejected - everyone's MHC is unique"
23,1DLH,MHC Class II,immune,"Presents external pathogens to helper T cells",94,72,1993,"Key to understanding autoimmune diseases"
24,1CD8,CD8 T Cell Receptor,immune,"Helps killer T cells recognize infected cells",92,68,1991,"Target of modern cancer immunotherapies"
25,1TNF,Tumor Necrosis Factor,signaling,"Inflammatory cytokine that can kill cancer cells",90,78,1989,"Blocking TNF revolutionized treatment of arthritis and Crohn's disease"
26,1ALU,Interleukin-2,signaling,"Growth factor for T cells, used in cancer therapy",88,75,1992,"First immunotherapy approved for cancer treatment in 1992"
27,1RHH,Interferon-gamma,signaling,"Antiviral cytokine that activates macrophages",87,72,1991,"Named for interfering with viral replication"
28,1F45,Complement C3,immune,"Central protein of the complement immune system",90,65,1991,"Part of an ancient immune system older than antibodies"
29,1TFH,Transferrin,transport,"Carries iron in blood and regulates iron levels",88,70,1992,"Also part of the immune system - starves bacteria of iron"
30,1A8O,C-Reactive Protein,immune,"Inflammation marker used in blood tests worldwide",85,80,1996,"Levels can increase 1000-fold during infection"
31,1RAS,Ras GTPase,signaling,"Molecular switch controlling cell growth",98,85,1990,"Mutated in 30% of all human cancers"
32,2SRC,Src Kinase,enzyme,"First discovered oncogene product",95,80,1999,"From chicken virus that causes cancer - led to kinase drug revolution"
33,1ATP,Protein Kinase A,enzyme,"Classic cAMP-dependent signaling kinase",90,75,1991,"First protein kinase structure solved"
34,1IRK,Insulin Receptor,receptor,"Detects insulin and triggers glucose uptake",96,82,1994,"Defects cause diabetes - target of many drug therapies"
35,1EGF,Epidermal Growth Factor,signaling,"Promotes cell growth and wound healing",88,78,1972,"Discovered by Stanley Cohen, who won Nobel Prize in 1986"
36,1VPU,VEGF,signaling,"Grows new blood vessels, target in cancer therapy",92,80,1997,"Blocking VEGF starves tumors by cutting off blood supply"
37,1GRN,Growth Hormone,signaling,"Stimulates growth and cell reproduction",90,85,1992,"First human protein made by genetic engineering (1979)"
38,1IL6,Interleukin-6,signaling,"Pro-inflammatory cytokine, elevated in COVID-19",90,82,1997,"Blocking IL-6 became emergency COVID-19 treatment"
39,1GZM,Granzyme B,enzyme,"Killer enzyme used by immune cells to destroy targets",85,65,1999,"Literally punches holes and triggers cell suicide"
40,1WAQ,WNT Protein,signaling,"Controls embryo development and stem cells",92,75,2012,"Name is combo of wingless (fly gene) and int-1 (mouse gene)"
41,1ERK,ERK1/2 Kinase,enzyme,"Key enzyme in the MAP kinase cascade",90,72,2001,"Target of many cancer drugs"
42,1JNK,JNK Kinase,enzyme,"Stress-activated kinase, responds to damage",85,68,1995,"Name means Jun N-terminal kinase"
43,1A28,Calmodulin,signaling,"Universal calcium sensor in all cells",92,75,1988,"Highly conserved - nearly identical in all animals"
44,1NF1,Neurofibromin,regulatory,"Tumor suppressor mutated in neurofibromatosis",85,60,1998,"One of the largest human proteins at 2818 amino acids"
45,1BRV,BRCA1,regulatory,"DNA repair protein, mutations cause breast cancer",95,90,2001,"Angelina Jolie publicly revealed her BRCA1 mutation in 2013"
46,1N5O,BRCA2,regulatory,"Partner of BRCA1 in DNA repair",94,85,2002,"Also linked to pancreatic and prostate cancer"
47,1AOI,Histone H3,structural,"DNA packaging protein central to gene regulation",95,75,1997,"One of most conserved proteins in all of evolution"
48,1EQZ,Sonic Hedgehog,signaling,"Embryonic development signaling protein",90,88,1999,"Named after the video game character by a scientist who was a fan"
49,1UBQ,Ubiquitin,regulatory,"Tags proteins for destruction, earned Nobel Prize",98,80,1987,"Present in all eukaryotic cells hence name ubi-quit-in"
50,1B9E,Leptin,signaling,"Hormone regulating appetite and metabolism",90,82,1997,"Mice lacking leptin become extremely obese"
51,2MYS,Myosin,motor,"Molecular motor powering muscle contraction",98,80,1993,"Can generate 10 piconewtons of force"
52,1TUB,Tubulin,structural,"Builds microtubules for cell structure and transport",95,78,1998,"Target of cancer drugs like taxol which prevent cell division"
53,1ATN,Actin,structural,"Most abundant protein in many cells, forms cytoskeleton",98,75,1990,"Makes up 15% of total protein in muscle cells"
54,1C1G,Kinesin,motor,"Walks along microtubules carrying cargo",88,75,1996,"Takes 100 'steps' per second along the microtubule"
55,1DYN,Dynein,motor,"Motor protein that walks opposite direction to kinesin",88,70,2012,"One of the largest protein complexes in cells"
56,1TNT,Troponin,regulatory,"Regulates muscle contraction, marker of heart attack",90,85,2003,"Troponin blood test is gold standard for diagnosing heart attacks"
57,1A36,Tropomyosin,regulatory,"Controls access to actin for muscle contraction",85,65,2001,"Works like a gate that opens when calcium is present"
58,1DQ0,Titin,structural,"Largest known protein, gives muscles elasticity",90,78,2006,"Full name is 189,819 letters long - longest word in English"
59,2NRL,Spectrin,structural,"Maintains red blood cell shape",82,60,1993,"Defects cause hereditary spherocytosis - round blood cells"
60,1ZGK,Keratin,structural,"Main structural protein of hair, skin, and nails",85,80,2006,"Rhinoceros horns are made entirely of keratin"
61,3HBT,Elastin,structural,"Gives skin and arteries their stretchiness",85,70,2002,"Can stretch to 150% and snap back like a rubber band"
62,1K6F,Fibronectin,structural,"Connects cells to the extracellular matrix",88,65,2003,"Key player in wound healing"
63,1BJ1,Laminin,structural,"Major component of basement membranes",87,62,1999,"Cross-shaped molecule that anchors cells in place"
64,1CID,Connexin,channel,"Forms gap junctions between cells",88,68,1997,"Creates pores that let small molecules pass between cells"
65,1M4X,Claudin,structural,"Seals tight junctions in epithelial cells",85,55,2014,"Prevents leaks between cells lining your gut"
66,1AVD,Avidin,storage,"Egg white protein that binds biotin extremely tightly",70,72,1993,"Used in labs as molecular glue due to super-strong binding"
67,1AXC,Annexin V,signaling,"Binds phosphatidylserine on dying cells",80,70,1995,"Used to detect cell death in research and medicine"
68,1DUP,Dystrophin,structural,"Connects muscle fibers to matrix, missing in muscular dystrophy",92,80,1998,"One of longest human genes - 2.4 million base pairs"
69,1AQD,Aquaporin,channel,"Water channel that earned Peter Agre Nobel Prize",90,80,1997,"Lets 3 billion water molecules per second pass through"
70,1FCC,Ferritin,storage,"Iron storage protein that can hold 4500 iron atoms",88,72,1991,"Shaped like a hollow ball to safely store toxic iron"
71,2CGA,Chymotrypsin,enzyme,"Digestive protease from pancreas",82,70,1967,"Classic model for understanding enzyme mechanisms"
72,3CPA,Carboxypeptidase A,enzyme,"Zinc-containing digestive enzyme",80,65,1967,"First zinc enzyme to have structure solved"
73,1PPB,Thrombin,enzyme,"Key enzyme in blood clotting cascade",92,75,1992,"Target of blood thinner medications like dabigatran"
74,1EZM,Elastase,enzyme,"Degrades elastin in lungs, implicated in emphysema",85,68,1989,"Smoking disables its inhibitor, causing lung damage"
75,1PSO,Pepsin,enzyme,"Main digestive enzyme in your stomach",88,75,1991,"Works in extremely acidic conditions (pH 2)"
76,1HHL,Hemagglutinin,viral,"Influenza surface protein that binds to cells",92,82,1981,"The H in H1N1 flu names stands for hemagglutinin type"
77,1NNA,Neuraminidase,viral,"Influenza enzyme, target of Tamiflu",90,80,1983,"The N in H1N1 stands for neuraminidase type"
78,1HIV,HIV Protease,enzyme,"AIDS virus enzyme, target of protease inhibitors",95,88,1989,"Blocking this enzyme was breakthrough in AIDS treatment"
79,1HSG,HIV Reverse Transcriptase,enzyme,"How HIV copies its genome into human DNA",95,85,1992,"Target of AZT, first AIDS drug approved"
80,1A1M,HIV Integrase,enzyme,"Inserts HIV DNA into human chromosomes",92,78,2010,"Newest class of AIDS drugs target this enzyme"
81,1RNT,Ribonuclease T1,enzyme,"RNA-cutting enzyme from fungus",75,65,1989,"One of first enzymes to have complete structure determined"
82,1RNH,Ribonuclease H,enzyme,"Degrades RNA in RNA-DNA hybrids",85,60,1990,"Essential for HIV replication"
83,1CGP,CAP Protein,regulatory,"Bacterial gene regulator activated by cAMP",85,70,1991,"Classic model of gene regulation in bacteria"
84,1LMB,Lambda Repressor,regulatory,"Viral gene switch - on or off decision",82,72,1987,"Model system for understanding genetic switches"
85,1BL8,Potassium Channel,channel,"Selective pore for potassium ions, Nobel Prize work",95,85,1998,"MacKinnon won 2003 Nobel for showing how it selects K+"
86,1OCC,Cytochrome c Oxidase,enzyme,"Final enzyme of cellular respiration",95,72,1995,"Uses oxygen to make water - the reason we breathe"
87,1QLE,Cytochrome bc1 Complex,enzyme,"Respiratory chain electron transfer complex",90,65,1998,"Target of fungicides and antimalarial drugs"
88,1FEH,Chlorophyll Binding Protein,photosynthetic,"Captures light energy in photosynthesis",92,70,2004,"Why plants are green - absorbs red and blue light"
89,1JBO,Photosystem I,photosynthetic,"Converts light to chemical energy in plants",95,75,2001,"One of most efficient energy converters in nature"
90,1FE1,Photosystem II,photosynthetic,"Splits water and produces oxygen",98,78,2004,"All oxygen you breathe comes from this protein"
91,1RCX,RuBisCO,enzyme,"Most abundant protein on Earth, fixes CO2",100,80,1989,"Estimated 700 million tons exist on Earth"
92,1NIP,Nitrogenase,enzyme,"Fixes atmospheric nitrogen for life",98,72,1992,"Only enzyme that can break nitrogen triple bond"
93,1FFT,Flavodoxin,enzyme,"Electron carrier in bacterial metabolism",75,55,1975,"Replaces ferredoxin when iron is scarce"
94,1FDR,Ferredoxin Reductase,enzyme,"Electron transfer enzyme in photosynthesis",80,58,1995,"Critical link in photosynthetic electron chain"
95,1FDX,Ferredoxin,enzyme,"Iron-sulfur protein for electron transfer",85,60,1992,"Ancient protein present in all kingdoms of life"
96,1PFK,Phosphofructokinase-2,enzyme,"Regulator of glycolysis",85,60,1999,"Altered in diabetes and cancer"
97,1ENO,Enolase,enzyme,"Glycolytic enzyme, also on cell surface",80,55,1996,"Moonlights as receptor for plasminogen"
98,1GPI,Glucose-6-phosphate Isomerase,enzyme,"Glycolytic enzyme with multiple functions",82,58,1995,"Also works as nerve growth factor outside cells"
99,1HEX,Hexokinase,enzyme,"First enzyme of glucose metabolism",90,70,1997,"Changes shape dramatically when glucose binds"
100,1PGK,Phosphoglycerate Kinase,enzyme,"ATP-generating enzyme of glycolysis",82,55,1993,"Produces ATP during glucose breakdown"
101,1F88,Rhodopsin,receptor,"Light receptor enabling vision",95,82,2000,"Can detect single photon of light"
102,2RH1,Beta-2 Adrenergic Receptor,receptor,"Adrenaline receptor, target of asthma drugs",95,88,2007,"Won Kobilka and Lefkowitz 2012 Nobel Prize"
103,3ODU,Dopamine D3 Receptor,receptor,"Brain reward receptor, target of schizophrenia drugs",90,80,2010,"Involved in addiction and Parkinson's disease"
104,4DJH,Opioid Receptor,receptor,"Pain and pleasure receptor, target of morphine",92,88,2012,"Overactivation causes opioid addiction"
105,5HT2B,Serotonin Receptor,receptor,"Mood regulation receptor",90,82,2013,"Target of antidepressants and psychedelics"
106,4EIY,Adenosine A2A Receptor,receptor,"How caffeine keeps you awake",85,78,2011,"Caffeine blocks this receptor to prevent sleepiness"
107,3RZE,Histamine H1 Receptor,receptor,"Allergy receptor blocked by antihistamines",85,80,2011,"Target of Benadryl and other allergy medications"
108,4U15,Cannabinoid CB1 Receptor,receptor,"Main target of marijuana compounds",85,85,2016,"Most abundant GPCR in the brain"
109,3EML,Glutamate Receptor,receptor,"Main excitatory receptor in brain",95,75,2009,"Central to learning and memory"
110,4COF,GABA-A Receptor,receptor,"Main inhibitory brain receptor",95,78,2014,"Target of benzodiazepines, alcohol, and anesthetics"
111,2BG9,Nicotinic Acetylcholine Receptor,receptor,"Nicotine and muscle movement receptor",95,82,2005,"First neurotransmitter receptor identified"
112,1SRA,Sarcoplasmic Reticulum Ca-ATPase,enzyme,"Pumps calcium in muscle cells",90,68,2000,"Critical for muscle relaxation after contraction"
113,3WGU,Sodium-Potassium Pump,enzyme,"Maintains ion gradients in all cells",98,78,2013,"Uses 20-25% of all ATP in your body"
114,3KDP,Sodium Channel,channel,"Generates electrical signals in nerves",95,80,2011,"Target of local anesthetics like lidocaine"
115,3J5P,Calcium Channel,channel,"Controls calcium entry for muscles and neurons",92,75,2015,"Target of blood pressure medications"
116,5IRX,CFTR,channel,"Chloride channel mutated in cystic fibrosis",92,85,2017,"New drugs can fix some CFTR mutations"
117,1MAL,Maltoporin,channel,"Bacterial pore for sugar transport",75,55,1995,"Shows how channels can be selective"
118,1BXW,Outer Membrane Protein F,channel,"General bacterial pore protein",78,58,1995,"Beta-barrel structure unique to outer membranes"
119,1AF6,Porin,channel,"First membrane channel structure solved",82,70,1991,"Breakthrough showing membrane proteins could be crystallized"
120,2OAR,Bacteriorhodopsin,transport,"Light-driven proton pump",80,75,1997,"Basis for optogenetics revolution in neuroscience"
121,1BPX,DNA Polymerase Beta,enzyme,"Repairs damaged DNA",90,70,1996,"Fixes about 20,000 DNA lesions per cell per day"
122,1TAU,DNA Polymerase I,enzyme,"First DNA polymerase discovered",92,78,1985,"Arthur Kornberg won Nobel for discovering it in 1959"
123,1IG9,Taq Polymerase,enzyme,"Heat-stable enzyme that powers PCR",90,92,1999,"From hot spring bacterium, enabled DNA testing revolution"
124,2AHM,RNA Polymerase II,enzyme,"Copies DNA to make messenger RNA",98,80,2001,"Roger Kornberg (Arthur's son) won Nobel for its structure"
125,1MSW,Bacterial RNA Polymerase,enzyme,"Bacterial gene reading machine",95,75,1999,"Target of antibiotic rifampicin for tuberculosis"
126,1EHZ,tRNA Synthetase,enzyme,"Attaches amino acids to tRNA",95,68,1989,"20 different versions, one for each amino acid"
127,1FJG,Ribosome (Large Subunit),enzyme,"Makes proteins from mRNA instructions",100,88,2000,"Venki Ramakrishnan won Nobel for structure in 2009"
128,1J5E,Ribosome (Small Subunit),enzyme,"Reads genetic code during translation",100,85,2000,"Target of many antibiotics"
129,1SFW,Helicase,enzyme,"Unwinds DNA double helix",92,70,1996,"Works like a molecular zipper"
130,1BGX,Topoisomerase I,enzyme,"Releases DNA supercoiling tension",90,72,1998,"Target of cancer drugs like topotecan"
131,1AB4,Gyrase,enzyme,"Introduces negative supercoils in DNA",88,70,1997,"Target of fluoroquinolone antibiotics"
132,1BER,Base Excision Repair Enzyme,enzyme,"Removes damaged DNA bases",88,62,1995,"Tomas Lindahl won 2015 Nobel for discovering this repair"
133,1VAS,Nucleotide Excision Repair,enzyme,"Cuts out bulky DNA damage",90,65,1995,"Defects cause extreme sun sensitivity (xeroderma)"
134,1LMN,Lac Repressor,regulatory,"Classic gene regulation switch",85,75,1996,"Jacob and Monod won Nobel for discovering it"
135,1TRO,Trp Repressor,regulatory,"Controls tryptophan synthesis genes",80,65,1988,"Elegant feedback regulation example"
136,1HCR,Cro Repressor,regulatory,"Bacteriophage lambda gene switch",75,60,1988,"One of smallest DNA-binding proteins known"
137,1ZME,Zinc Finger,regulatory,"Common DNA binding domain",90,72,1991,"Used in first gene editing tools before CRISPR"
138,1HDD,Homeodomain,regulatory,"Controls body plan development",92,75,1990,"Similar in flies and humans after 600 million years"
139,1YTB,TATA Binding Protein,regulatory,"Starts gene reading by bending DNA",92,70,1993,"Bends DNA nearly 90 degrees"
140,1PNR,Purine Nucleoside Phosphorylase,enzyme,"Recycles purine bases",80,55,1998,"Deficiency causes severe immunodeficiency"
141,1XO2,Xanthine Oxidase,enzyme,"Makes uric acid, target of gout drugs",85,70,2004,"Allopurinol for gout blocks this enzyme"
142,1M1K,Dihydrofolate Reductase,enzyme,"Makes DNA building blocks",88,72,1982,"Target of methotrexate cancer drug"
143,1THY,Thymidylate Synthase,enzyme,"Makes T for DNA",88,68,1995,"Target of 5-fluorouracil cancer drug"
144,1RRF,Ribonucleotide Reductase,enzyme,"Makes DNA from RNA building blocks",92,65,1999,"Essential for DNA synthesis and cancer drug target"
145,1QD1,Telomerase,enzyme,"Extends chromosome ends",95,88,2007,"Won 2009 Nobel, active in cancer and stem cells"
146,1CRN,Crambin,structural,"Small plant protein, high-resolution model",50,60,1981,"One of highest resolution protein structures ever"
147,1REI,Bence Jones Protein,immune,"Antibody fragment from myeloma patients",75,65,1975,"First human protein structure determined"
148,1PPE,Pancreatic Trypsin Inhibitor,regulatory,"Protects pancreas from self-digestion",75,72,1973,"Most studied small protein for folding"
149,1HOE,Alpha-amylase Inhibitor,regulatory,"Blocks starch digestion",70,55,1993,"Similar compounds used as diet pills"
150,1SHF,SH3 Domain,signaling,"Common protein interaction module",85,70,1992,"Found in hundreds of signaling proteins"
151,1LDH,Lactate Dehydrogenase,enzyme,"Converts pyruvate to lactate during exercise",88,72,1994,"Why muscles burn during intense exercise"
152,1GPD,Glyceraldehyde-3-P Dehydrogenase,enzyme,"Key glycolysis enzyme",85,60,1995,"Also moonlights in nucleus affecting gene expression"
153,2PKA,Pyruvate Kinase,enzyme,"Last ATP-producing step of glycolysis",88,65,1994,"Cancer cells often express embryonic version"
154,1AL1,Aldolase,enzyme,"Splits sugar in glycolysis",82,55,1995,"Named for aldol condensation reaction"
155,1TPH,Triose Phosphate Isomerase,enzyme,"Near-perfect catalytic enzyme",80,65,1975,"Considered a perfectly evolved enzyme"
156,1CS1,Citrate Synthase,enzyme,"First step of citric acid cycle",88,62,1991,"Undergoes huge shape change on substrate binding"
157,1ACO,Aconitase,enzyme,"Citric acid cycle enzyme with iron sensor role",85,58,1996,"Also regulates iron metabolism when iron is low"
158,1IDH,Isocitrate Dehydrogenase,enzyme,"Citric acid cycle enzyme, mutated in cancer",88,70,2004,"Mutations cause brain tumors by making wrong product"
159,2OGD,Alpha-ketoglutarate Dehydrogenase,enzyme,"Key regulatory citric acid cycle enzyme",85,55,2002,"Rate-limiting step of citric acid cycle"
160,1SCS,Succinyl-CoA Synthetase,enzyme,"Produces GTP in citric acid cycle",82,52,1994,"Only substrate-level phosphorylation in cycle"
161,1FUM,Fumarase,enzyme,"Citric acid cycle hydration enzyme",80,50,1994,"Deficiency causes severe neurological problems"
162,1MDH,Malate Dehydrogenase,enzyme,"Regenerates oxaloacetate in citric acid cycle",82,55,1994,"Also works in shuttle systems between organelles"
163,1PCK,Pyruvate Carboxylase,enzyme,"Replenishes citric acid cycle",85,55,1994,"Critical for making glucose during fasting"
164,1PYC,PEP Carboxykinase,enzyme,"Rate-limiting step of gluconeogenesis",85,58,1996,"Key enzyme increased in diabetes"
165,1A82,Fatty Acid Synthase,enzyme,"Makes fat from carbohydrates",90,68,1997,"Potential obesity drug target"
166,2WVA,Acetyl-CoA Carboxylase,enzyme,"Rate-limiting step of fat synthesis",88,65,1997,"Target of diabetes and obesity research"
167,1UDI,Acyl-CoA Dehydrogenase,enzyme,"First step of fat burning",85,62,1996,"MCAD deficiency can cause sudden infant death"
168,1A9X,Carnitine Palmitoyltransferase,enzyme,"Moves fats into mitochondria for burning",88,60,1999,"Rate-limiting for fat oxidation"
169,1GS4,Glutamine Synthetase,enzyme,"Makes glutamine, ammonia detox",88,65,1994,"Among most regulated enzymes in nature"
170,1GTQ,Glutamate Dehydrogenase,enzyme,"Links amino acid and energy metabolism",85,58,1992,"Activated by leucine, involved in insulin secretion"
171,1AST,Aspartate Aminotransferase,enzyme,"Liver enzyme, blood test for liver damage",82,72,1984,"AST blood test indicates liver or heart damage"
172,1GPT,Alanine Aminotransferase,enzyme,"Another liver damage blood test enzyme",82,70,1995,"ALT test more specific for liver than AST"
173,1UBP,Urate Oxidase,enzyme,"Breaks down uric acid in most mammals",80,65,1996,"Humans lost this gene, leading to gout risk"
174,1ARG,Arginase,enzyme,"Final step of urea cycle",85,58,1999,"Converts toxic ammonia to safe urea"
175,1OTC,Ornithine Transcarbamylase,enzyme,"Urea cycle enzyme, X-linked disorder",85,62,1990,"Most common urea cycle defect"
176,1PSD,Phenylalanine Hydroxylase,enzyme,"Defective in phenylketonuria (PKU)",88,78,1999,"PKU screening is done on all newborns"
177,1TYR,Tyrosinase,enzyme,"Makes melanin pigment",82,70,2004,"Defects cause albinism"
178,1DDC,DOPA Decarboxylase,enzyme,"Makes dopamine from L-DOPA",88,72,2001,"L-DOPA for Parkinson's works via this enzyme"
179,1TOX,Tryptophan Hydroxylase,enzyme,"Rate-limiting for serotonin synthesis",90,70,2007,"Genetic variants linked to depression"
180,1MAO,Monoamine Oxidase,enzyme,"Breaks down neurotransmitters, drug target",90,78,2002,"MAO inhibitors were first antidepressants"
181,1COX,Cyclooxygenase-1,enzyme,"Makes prostaglandins, aspirin target",92,85,1994,"Aspirin irreversibly blocks this enzyme"
182,6COX,Cyclooxygenase-2,enzyme,"Inflammation enzyme, target of NSAIDs",92,82,1996,"Selective COX-2 drugs like Celebrex spare stomach"
183,1LNO,Lipoxygenase,enzyme,"Makes leukotrienes for inflammation",85,65,1993,"Target of asthma drugs like zileuton"
184,1NOS,Nitric Oxide Synthase,enzyme,"Makes NO signaling gas",95,80,1998,"Viagra works by enhancing NO signaling"
185,1AYL,Aromatase,enzyme,"Makes estrogen from testosterone",90,75,1997,"Aromatase inhibitors treat breast cancer"
186,2HYY,HMG-CoA Reductase,enzyme,"Cholesterol synthesis, statin target",95,90,2000,"Statins are world's best-selling drugs"
187,1CYP,Cytochrome P450 3A4,enzyme,"Metabolizes 50% of all drugs",95,80,2004,"Grapefruit inhibits this, causing drug interactions"
188,1OG5,Cytochrome P450 2D6,enzyme,"Metabolizes 25% of drugs",92,75,2006,"Genetic variants cause poor drug metabolism in some people"
189,1PGA,Glycogen Phosphorylase,enzyme,"Releases glucose from glycogen",88,68,1991,"Classic example of enzyme regulation by phosphorylation"
190,1IOY,Glycogen Synthase,enzyme,"Makes glycogen for energy storage",88,62,2010,"Insulin activates this enzyme after meals"
191,1GP1,Glucose-6-Phosphatase,enzyme,"Releases glucose from liver",88,65,2003,"Final step in releasing glucose into blood"
192,1UM2,GLUT1 Glucose Transporter,transport,"Brings glucose into cells",92,75,2014,"Deficiency causes seizures due to brain energy deficit"
193,4YBQ,GLUT4 Glucose Transporter,transport,"Insulin-responsive glucose uptake",92,72,2015,"Insulin makes muscle cells put more GLUT4 on surface"
194,3DH4,Sodium-Glucose Cotransporter,transport,"Absorbs glucose in kidney, diabetes drug target",88,75,2012,"SGLT2 inhibitors make you pee out glucose"
195,2NRM,Nuclear Receptor,receptor,"Steroid hormone receptors",92,75,2000,"Family includes receptors for steroids, thyroid, vitamin D"
196,1GWR,Glucocorticoid Receptor,receptor,"Cortisol receptor, target of prednisone",92,78,2002,"Mediates anti-inflammatory effects of steroids"
197,1ERE,Estrogen Receptor,receptor,"Female hormone receptor, breast cancer target",95,85,1997,"Tamoxifen blocks this receptor to treat breast cancer"
198,1XOW,Androgen Receptor,receptor,"Testosterone receptor, prostate cancer target",92,80,2001,"Drugs blocking this treat prostate cancer"
199,1RXR,Retinoid X Receptor,receptor,"Vitamin A derivative receptor",88,68,1995,"Partners with many other nuclear receptors"
200,1VIT,Vitamin D Receptor,receptor,"Mediates vitamin D effects on calcium",90,75,2000,"Active vitamin D is actually a hormone"
201,1AON,GroEL Chaperonin,chaperone,"Barrel-shaped protein folding cage",90,78,1994,"Like a washing machine for misfolded proteins"
202,1YUW,Hsp70,chaperone,"Stress-response protein folder",92,75,2005,"Heat shock proteins were discovered by accident in 1962"
203,1HK5,Hsp90,chaperone,"Chaperone for signaling proteins",92,72,2006,"Stabilizes many oncogenic proteins, cancer drug target"
204,1ELR,Small Heat Shock Protein,chaperone,"Prevents protein aggregation",85,62,2001,"Mutations cause cataracts and cardiomyopathy"
205,1G6N,Protein Disulfide Isomerase,chaperone,"Forms correct disulfide bonds",88,65,1998,"Ensures proteins fold with correct disulfide bridges"
206,1BIP,BiP/GRP78,chaperone,"ER chaperone, stress sensor",90,68,1996,"Guards the ER and triggers stress response"
207,2CPL,Cyclophilin,enzyme,"Speeds protein folding, cyclosporin target",85,75,1991,"Target of immunosuppressant used in transplants"
208,1FKB,FKBP12,enzyme,"FK506 binding protein",82,72,1993,"Tacrolimus (FK506) binding enables immunosuppression"
209,1A01,Prion Protein,structural,"Normal brain protein that can misfold fatally",88,92,1996,"Misfolded form causes mad cow disease and CJD"
210,1IYT,Alpha-Synuclein,structural,"Brain protein that aggregates in Parkinson's",92,85,2004,"Lewy bodies in Parkinson's are made of this protein"
211,1AMC,Amyloid Beta,structural,"Aggregates to form Alzheimer's plaques",95,92,2007,"Billions spent trying to clear these plaques"
212,1HZ3,Tau Protein,structural,"Tangles in Alzheimer's and other dementias",95,88,1999,"Tau tangles may spread like infection through brain"
213,1HDB,Huntingtin,regulatory,"Mutated in Huntington's disease",88,82,2012,"Extra CAG repeats cause polyglutamine expansion"
214,1SOD,Superoxide Dismutase,enzyme,"Neutralizes dangerous superoxide radicals",90,78,1975,"Mutations cause Lou Gehrig's disease (ALS)"
215,1CA2,Carbonic Anhydrase,enzyme,"Interconverts CO2 and bicarbonate",88,72,1972,"One of fastest enzymes, 1 million reactions per second"
216,1CAT,Catalase,enzyme,"Destroys hydrogen peroxide",90,75,1981,"Makes bubbles when you put peroxide on a cut"
217,1GPX,Glutathione Peroxidase,enzyme,"Selenium-containing antioxidant enzyme",88,68,2003,"One of few proteins that contains selenium"
218,1GST,Glutathione S-Transferase,enzyme,"Detoxifies harmful compounds",85,65,1991,"Protects cells from drugs and environmental toxins"
219,1CKW,Casein Kinase,enzyme,"Constitutively active phosphorylation enzyme",82,58,1995,"First protein kinase discovered"
220,1CDK,Cyclin-Dependent Kinase 2,enzyme,"Drives cell cycle, cancer drug target",95,82,1996,"Won Nobel Prize for cell cycle discovery"
221,1FIN,Cyclin A,regulatory,"Cell cycle regulator",90,70,1996,"Controls DNA replication timing"
222,1W26,Aurora Kinase,enzyme,"Regulates chromosome separation",88,70,2004,"Cancer drug target, named after aurora borealis"
223,1BLX,BCL-2,regulatory,"Blocks programmed cell death",92,80,1997,"Overexpressed in many cancers to avoid death"
224,1F16,BAX,regulatory,"Promotes programmed cell death",90,75,2000,"Makes pores in mitochondria to trigger death"
225,1NW9,Caspase-3,enzyme,"Executioner of programmed cell death",92,78,2003,"Cuts proteins to systematically kill the cell"
226,1SC4,Caspase-9,enzyme,"Initiator caspase in intrinsic pathway",88,70,2001,"Activated by cytochrome c release from mitochondria"
227,1DCP,DFF/CAD Nuclease,enzyme,"Cuts DNA during apoptosis",82,60,1998,"Makes DNA ladder pattern seen in dying cells"
228,1FAS,Fas Death Receptor,receptor,"Triggers cell death from outside",88,72,2000,"Immune cells use this to kill targets"
229,1TNR,TNF Receptor,receptor,"Death and inflammation signaling receptor",90,75,1993,"TNF blockers revolutionized arthritis treatment"
230,1GDN,Gelsolin,regulatory,"Severs and caps actin filaments",80,55,1999,"Mutations cause Finnish-type amyloidosis"
231,1PRO,Profilin,regulatory,"Supplies actin monomers for growth",82,58,1992,"Regulates how fast actin filaments grow"
232,1COF,Cofilin,regulatory,"Severs and depolymerizes actin",82,55,1998,"Creates new ends for actin filament remodeling"
233,1A1S,Prostate Specific Antigen,enzyme,"Serine protease, prostate cancer marker",85,88,1991,"PSA blood test for prostate cancer screening"
234,1A4G,Alpha-1-Antitrypsin,regulatory,"Protease inhibitor, deficiency causes lung disease",88,75,1996,"Deficiency is genetic cause of emphysema"
235,1ANT,Antithrombin,regulatory,"Inhibits blood clotting proteases",88,70,1991,"Heparin works by activating antithrombin"
236,1AQC,Plasminogen Activator Inhibitor,regulatory,"Regulates clot breakdown",85,65,1991,"High levels predict heart attack risk"
237,1TPG,Tissue Plasminogen Activator,enzyme,"Clot-busting enzyme, stroke treatment",92,85,1991,"Given as emergency treatment for strokes"
238,1UKI,Urokinase,enzyme,"Another clot-dissolving enzyme",85,70,1987,"Originally purified from urine"
239,1PLU,Plasmin,enzyme,"Dissolves blood clots",88,68,1991,"Made from plasminogen when needed"
240,1FIB,Fibrinogen,structural,"Precursor to fibrin clot network",92,75,1997,"Converted to fibrin mesh that traps blood cells"
241,1VGC,Factor VIII,enzyme,"Clotting factor missing in hemophilia A",92,85,2001,"Royal disease - Queen Victoria was a carrier"
242,1RF9,Factor IX,enzyme,"Clotting factor missing in hemophilia B",90,78,1999,"Also called Christmas factor after patient"
243,1PPF,Factor VIIa,enzyme,"Initiates blood clotting cascade",88,68,1995,"Recombinant form used to treat hemophilia"
244,1Z71,Von Willebrand Factor,structural,"Platelet adhesion protein",88,72,2006,"Deficiency causes most common bleeding disorder"
245,2PKS,Polyketide Synthase,enzyme,"Makes antibiotics and natural products",85,68,2007,"Source of many important drugs"
246,1PEN,Penicillin Acylase,enzyme,"Makes penicillin antibiotics",82,78,1995,"Used industrially to make semisynthetic penicillins"
247,1BLC,Beta-Lactamase,enzyme,"Antibiotic resistance enzyme",90,85,1992,"Destroys penicillin-type antibiotics"
248,1M2D,Tetracycline Efflux Pump,transport,"Pumps antibiotics out of bacteria",88,75,2002,"Major mechanism of antibiotic resistance"
249,1DDG,Dihydropteroate Synthase,enzyme,"Folate synthesis, sulfa drug target",85,72,1997,"Target of sulfonamide antibiotics"
250,1DF7,Vancomycin Target Protein,enzyme,"Last-resort antibiotic target",88,80,1996,"VRSA bacteria evolved resistance by modifying this"
251,1HUP,HU Protein,structural,"Bacterial DNA packaging protein",78,52,1990,"Helps compact bacterial chromosome"
252,1AZP,Azurin,enzyme,"Copper electron transfer protein",72,55,1991,"Being studied as cancer-killing agent"
253,1PCY,Plastocyanin,enzyme,"Copper protein in photosynthesis",82,55,1983,"Shuttles electrons in plant chloroplasts"
254,1RDG,Rubredoxin,enzyme,"Simple iron-sulfur protein",70,50,1994,"One of simplest iron proteins known"
255,1HRP,Horseradish Peroxidase,enzyme,"Widely used lab enzyme",75,78,1997,"Used in pregnancy tests and lab assays"
256,1MNP,Manganese Peroxidase,enzyme,"Breaks down lignin in wood",78,55,1994,"Could help make biofuels from plants"
257,1LGA,Lignin Peroxidase,enzyme,"Degrades tough plant lignin",80,58,1993,"White rot fungi use this to digest wood"
258,1LAC,Laccase,enzyme,"Oxidizes phenolic compounds",75,60,1998,"Used in bioremediation and wine making"
259,1CEL,Cellulase,enzyme,"Breaks down cellulose",88,72,1998,"Key enzyme for making biofuels from plants"
260,1AMY,Alpha-Amylase,enzyme,"Starch digesting enzyme in saliva",85,70,1990,"More copies of this gene in populations with starchy diets"
261,1GAI,Glucoamylase,enzyme,"Converts starch to glucose",80,58,1993,"Used industrially to make corn syrup"
262,1GUH,Invertase,enzyme,"Splits sucrose into glucose and fructose",75,55,1996,"Used to make candy filling soft"
263,1BGL,Beta-Glucosidase,enzyme,"Releases glucose from various sources",78,52,1995,"Releases flavor compounds in wine"
264,1LBG,Beta-Galactosidase,enzyme,"Lactose digesting enzyme",85,75,1994,"Lactose intolerance is deficiency of this enzyme"
265,1XYZ,Xylanase,enzyme,"Breaks down plant hemicellulose",78,55,1994,"Used in bread making and paper production"
266,1PHP,Pectin Lyase,enzyme,"Softens plant cell walls",72,48,1996,"Makes fruits ripen and soften"
267,1CHI,Chitinase,enzyme,"Breaks down chitin in fungi and insects",78,55,1994,"Plants use this for defense against fungi"
268,1HYA,Hyaluronidase,enzyme,"Breaks down hyaluronic acid",80,60,1993,"Spreading factor that helps infections spread"
269,1HEP,Heparanase,enzyme,"Remodels extracellular matrix",82,58,2008,"Helps cancer cells spread, drug target"
270,1COL,Collagenase,enzyme,"Breaks down collagen",82,62,1995,"Used medically to remove scar tissue"
271,1MMQ,Matrix Metalloproteinase 1,enzyme,"Remodels extracellular matrix",85,68,1999,"Involved in arthritis and cancer spread"
272,1GEO,Gelatinase,enzyme,"Degrades basement membrane",82,62,1999,"Cancer cells use this to invade tissues"
273,1EVE,Acetylcholinesterase Torpedo,enzyme,"Electric ray neurotransmitter enzyme",80,70,1991,"Used as model for drug design"
274,1BTL,Butyrylcholinesterase,enzyme,"Metabolizes cocaine and nerve agents",85,68,1999,"Breaks down cocaine in blood"
275,1POD,Paraoxonase,enzyme,"Detoxifies organophosphates",82,60,1991,"Protects against pesticide poisoning"
276,1DG9,Alpha-Fetoprotein,transport,"Fetal albumin, tumor marker",85,72,2004,"Blood test marker for liver cancer"
277,1AO6,Albumin,transport,"Most abundant blood protein",95,82,1989,"Carries drugs, hormones, and maintains blood pressure"
278,1LCF,Lactoferrin,immune,"Iron-binding antimicrobial protein",85,68,1993,"Found in breast milk, provides infant immunity"
279,1OVA,Ovalbumin,storage,"Main egg white protein",75,72,1991,"Common allergen and lab protein standard"
280,1BEB,Beta-Lactoglobulin,transport,"Main whey protein in milk",75,65,1997,"Not found in human milk, only cow milk"
281,1CAS,Casein,structural,"Main protein in cheese",78,72,2011,"Makes cheese stretchy when melted"
282,1GLI,Gluten,structural,"Wheat protein, celiac disease trigger",80,88,2004,"Gives bread its chewy texture"
283,1ZEI,Zein,storage,"Corn storage protein",72,55,1992,"Used to coat pills and make biodegradable plastics"
284,1CRU,Cruciferin,storage,"Canola/rapeseed storage protein",70,48,2003,"Main protein in canola meal"
285,1GCP,Glycinin,storage,"Soybean storage protein",75,55,2004,"Makes tofu firm when precipitated"
286,1LEA,Legumin,storage,"Legume seed storage protein",72,50,2002,"Major protein in peas and beans"
287,1ARA,Ara h 1 Peanut Allergen,storage,"Major peanut allergen",80,85,1999,"Causes most peanut allergic reactions"
288,1W2Q,Patatin,storage,"Potato storage protein",70,48,2005,"Also has lipase enzyme activity"
289,1SPB,Spider Silk Spidroin,structural,"Strongest natural fiber",75,82,2006,"Stronger than steel by weight, stretches like rubber"
290,1SLK,Silkworm Fibroin,structural,"Silk protein from silkworms",72,75,2005,"5,000 years of silk production by humans"
291,1RES,Resilin,structural,"Super-elastic insect protein",72,60,2002,"Allows fleas to jump 150 times their height"
292,1ANF,Antifreeze Protein,regulatory,"Prevents ice crystal formation",75,72,1998,"Arctic fish survive freezing waters with this"
293,1AIS,Ice Nucleation Protein,structural,"Promotes ice crystal formation",70,58,1990,"Bacteria use this to damage plant cells for nutrients"
294,1BFI,Barnacle Cement Protein,structural,"Underwater super-glue",68,55,2006,"Inspires surgical glue development"
295,1MVG,Mussel Foot Protein,structural,"Marine adhesive protein",70,62,2004,"Sticks to surfaces even underwater"
296,1LUC,Luciferase,enzyme,"Firefly glow enzyme",75,85,1996,"Widely used to light up cells in research"
297,1AEQ,Aequorin,enzyme,"Jellyfish calcium sensor",72,78,1985,"Shimomura's GFP discovery came from this"
298,1OPH,Opsin,receptor,"Light-sensing protein in eyes",90,72,2000,"Color blindness comes from opsin mutations"
299,1PHC,Phytochrome,receptor,"Plant light sensor for day length",82,60,2005,"Controls when plants flower"
300,1CRY,Cryptochrome,receptor,"Blue light sensor, circadian rhythm",85,68,2004,"Helps birds navigate using Earth's magnetic field"
301,1VCR,Venus Flytrap Domain,receptor,"Sensor domain in many receptors",80,55,1997,"Named for resemblance to the carnivorous plant"
302,1REG,Regeneration Protein,signaling,"Promotes nerve regeneration",82,58,1997,"Being studied for spinal cord repair"
303,1NGF,Nerve Growth Factor,signaling,"First neurotrophin discovered",92,82,1991,"Rita Levi-Montalcini won Nobel for discovery"
304,1BND,BDNF,signaling,"Brain-derived neurotrophic factor",92,80,1999,"Exercise increases BDNF and improves mood"
305,1NTF,Neurotrophin-3,signaling,"Nerve development factor",85,60,1991,"Important for sensory neuron development"
306,1B8T,NT-4,signaling,"Neurotrophin-4, nerve survival factor",82,55,1995,"Supports motor neuron survival"
307,1AGW,Angiopoietin,signaling,"Blood vessel formation protein",85,62,2001,"Stabilizes new blood vessels"
308,1REW,Erythropoietin,signaling,"Stimulates red blood cell production",92,88,1998,"Doping drug EPO used by athletes illegally"
309,1GCS,G-CSF,signaling,"Stimulates white blood cell production",88,72,1999,"Given to cancer patients after chemotherapy"
310,1TPO,Thrombopoietin,signaling,"Stimulates platelet production",85,62,1997,"Drugs mimicking this treat low platelet counts"
311,1ALP,Alpha-Lactalbumin,enzyme,"Milk sugar synthesis enzyme",78,60,1997,"Works with galactosyltransferase to make lactose"
312,1HVQ,HIV-1 Capsid,viral,"HIV shell protein",90,78,2013,"New target for lenacapavir, injectable HIV drug"
313,2ZTB,Zika Virus Envelope,viral,"Zika surface protein",85,82,2016,"Causes microcephaly in babies"
314,3J27,Dengue Virus Envelope,viral,"Dengue fever surface protein",88,78,2013,"Infects 400 million people yearly"
315,3H5S,Ebola Glycoprotein,viral,"Ebola virus surface protein",88,90,2008,"Target of antibody treatments for Ebola"
316,1QGT,Rabies Glycoprotein,viral,"Rabies virus surface protein",88,82,2002,"Almost 100% fatal without treatment"
317,1ZTX,Norovirus Capsid,viral,"Stomach flu virus shell",85,80,2006,"Just 18 virus particles can cause infection"
318,1QGC,Rotavirus Capsid,viral,"Child diarrhea virus shell",88,72,1999,"Vaccine saves half million lives per year"
319,1AYM,Poliovirus Capsid,viral,"Polio virus shell",92,88,1985,"Polio nearly eradicated thanks to vaccines"
320,2WEL,HPV Capsid,viral,"Papillomavirus shell, vaccine target",92,85,2009,"Vaccine prevents cervical cancer"
321,1QIW,Hepatitis B Surface Antigen,viral,"Hep B vaccine antigen",92,82,1999,"First recombinant vaccine ever made"
322,4WTA,Hepatitis C Polymerase,enzyme,"Hep C replication enzyme",90,78,2015,"Target of new drugs that cure Hep C"
323,1HBV,Hepatitis B Polymerase,enzyme,"Hep B replication enzyme",88,72,2015,"Target of antiviral drugs for Hep B"
324,1HSV,Herpes Thymidine Kinase,enzyme,"Acyclovir target enzyme",85,78,1995,"Gertrude Elion won Nobel for acyclovir"
325,1CMW,CMV Protease,enzyme,"Cytomegalovirus protease",82,60,1996,"CMV dangerous in immunocompromised"
326,1QHI,Adenovirus Hexon,viral,"Common cold virus shell protein",80,72,1991,"Modified adenoviruses used as vaccine vectors"
327,1RNA,TMV Coat Protein,viral,"Tobacco mosaic virus shell",75,78,1989,"First virus ever discovered (1892)"
328,2BTV,Bluetongue Virus Capsid,viral,"Animal disease virus shell",75,55,1998,"Devastating disease of sheep"
329,1FMD,Foot-and-Mouth Virus,viral,"Highly contagious livestock virus",85,78,1989,"1967 UK outbreak led to 6 million animal deaths"
330,1DAN,Annexin,regulatory,"Calcium-dependent membrane binder",78,58,1990,"Family of proteins that bind membranes"
331,1S4P,S1P Receptor,receptor,"Sphingosine-1-phosphate receptor",85,72,2012,"Target of MS drug fingolimod"
332,1PGE,Prostaglandin E Synthase,enzyme,"Makes inflammatory prostaglandins",85,62,2008,"New anti-inflammatory drug target"
333,1CX2,COX-2 with Inhibitor,enzyme,"COX-2 bound to celecoxib-type drug",88,78,1997,"Shows how selective NSAIDs work"
334,1PTE,Phosphotriesterase,enzyme,"Nerve agent detoxifying enzyme",82,68,1994,"Could protect against chemical weapons"
335,1OXY,Oxygenase,enzyme,"Inserts oxygen into molecules",80,55,2008,"Useful for green chemistry applications"
336,1DIO,Dioxygenase,enzyme,"Biodegradation enzyme",78,52,1995,"Bacteria use this to eat pollutants"
337,1EPO,EPO Receptor Complex,receptor,"Erythropoietin bound to receptor",88,72,1998,"Shows how EPO signals red blood cell production"
338,1GHR,Growth Hormone Receptor,receptor,"How growth hormone signals",88,70,1992,"Mutations cause Laron syndrome dwarfism"
339,1PRN,Prolactin Receptor,receptor,"Milk production hormone receptor",82,55,1998,"Activates during breastfeeding"
340,1M4U,Leptin Receptor,receptor,"Appetite hormone receptor",88,70,2010,"Defective receptor causes severe obesity"
341,1PYY,PYY,signaling,"Satiety hormone",82,62,2005,"Released after meals to signal fullness"
342,1GCG,Glucagon,signaling,"Raises blood sugar hormone",90,78,1989,"Opposite effect of insulin"
343,1GLP,GLP-1,signaling,"Incretin hormone, diabetes drug target",92,88,2010,"GLP-1 drugs like Ozempic cause weight loss"
344,1AME,Amylin,signaling,"Appetite and glucose regulating hormone",82,60,2001,"Co-secreted with insulin"
345,1GHB,Ghrelin,signaling,"Hunger hormone",88,78,2008,"Only hormone that increases appetite"
346,1ADI,Adiponectin,signaling,"Fat tissue metabolic hormone",88,72,2004,"Higher levels associated with lower diabetes risk"
347,1RES,Resistin,signaling,"Links obesity to diabetes",80,55,2003,"Controversial role in human metabolism"
348,1VIS,Visfatin,enzyme,"Fat tissue enzyme with hormone effects",75,48,2005,"Actually an NAD biosynthesis enzyme"
349,1ORT,Orexin,signaling,"Wakefulness and appetite hormone",88,72,1998,"Deficiency causes narcolepsy"
350,1MSH,Alpha-MSH,signaling,"Melanocyte stimulating hormone",82,65,1998,"Affects skin pigmentation and appetite"
351,1AOT,Agouti Protein,signaling,"Blocks MSH, affects color and weight",78,60,1999,"Yellow mice with this mutation become obese"
352,1POC,POMC,signaling,"Precursor to multiple hormones",88,70,2008,"Cut into ACTH, MSH, endorphin, and more"
353,1END,Endorphin,signaling,"Natural painkiller opioid",90,88,2003,"Runner's high comes from endorphin release"
354,1ENK,Enkephalin,signaling,"Small opioid peptide",85,72,1988,"First endogenous opioid discovered"
355,1DYN,Dynorphin,signaling,"Opioid peptide, pain and mood",82,58,1996,"May mediate dysphoria in addiction withdrawal"
356,1SUB,Substance P,signaling,"Pain and inflammation neuropeptide",85,70,1991,"Released by sensory neurons during pain"
357,1NPY,Neuropeptide Y,signaling,"Increases appetite, reduces anxiety",88,72,1991,"One of most abundant neuropeptides in brain"
358,1VIP,VIP,signaling,"Vasoactive intestinal peptide",82,60,2000,"Dilates blood vessels and relaxes muscles"
359,1CCK,Cholecystokinin,signaling,"Satiety and digestion hormone",85,65,2005,"Stimulates gallbladder contraction"
360,1GAS,Gastrin,signaling,"Stimulates stomach acid secretion",82,62,1993,"Overproduction causes Zollinger-Ellison syndrome"
361,1SEC,Secretin,signaling,"First hormone ever discovered",82,70,2006,"Discovered in 1902 by Bayliss and Starling"
362,1MOT,Motilin,signaling,"Gut motility hormone",78,52,2012,"Erythromycin antibiotic mimics motilin effects"
363,1ANP,Atrial Natriuretic Peptide,signaling,"Heart hormone that lowers blood pressure",90,72,2003,"Heart makes hormone - revolutionary discovery"
364,1BNP,BNP,signaling,"Heart failure blood test marker",92,82,2004,"High BNP indicates heart is stressed"
365,1ADR,Adrenomedullin,signaling,"Blood vessel dilating peptide",82,55,2012,"Discovered in tumor of adrenal gland"
